Feature,Importance
VAF,0.48390568059496974
DP,0.3869586135203697
TCGA_COUNT,0.0556769661290135
BAYESDEL,0.032290318260282475
REVEL,0.025341492800911726
Is_CpG,0.011819428181812905
Is_Hotspot,0.004007500512639969
Is_Missense,0.0
