Feature,Importance
VAF,0.4659281221839453
DP,0.42436577071177195
TCGA_COUNT,0.05263729266888414
BAYESDEL,0.022000155437018942
REVEL,0.021490801980150513
Is_CpG,0.006955710066023525
Is_Hotspot,0.004766757231171958
Is_Missense,0.0018553897210337456
