Feature,Importance
BAYESDEL,0.296445729381041
REVEL,0.26778676695171666
AGVGDClass,0.10935994029936784
Polyphen2,0.0952741214965939
Grantham_Score,0.08984632320544189
Is_Hotspot,0.08386484892581382
SIFTClass,0.05077571461642709
Is_CpG,0.006646555123597796
